GPSS, GPSS.int, TCI, SP, SE, CP, EL
1.14009634692,2.09984003433,1.44247220275,1.0,4.73185471686,4.79548822207,3.23708100991
1.00389825742,1.26208527832,1.03058781382,1.20570017832,1.0,1.0334232911,2.6412529265
1.40223474993,1.0,1.28784862773,1.32006906835,1.74049438692,1.7383557734,2.54336973707
1.06576536832,1.18156123663,2.99829826327,2.99847294739,2.99937969682,1.0,1.31080339707
1.00379921994,1.00097501494,1.0,1.02719794446,1.34903551868,1.34889157797,1.28094004808
1.0,2.02588383942,2.14038512462,3.38117901149,4.0870105517,4.1712921892,6.25699681757
2.9809059417,1.0,1.79826751662,11.0351754338,1.79832535379,3.53884846779,493.302505297
3.10306377877,1.88425569176,2.30718955792,1.0,3.12894557006,3.12895648827,1.40905481034
1.0,2.0477014617,1.51552012148,1.61198370798,2.89658714418,3.14357702805,2.72614921402
1.0,1.4450763799,1.80179392527,1.42686225435,1.61270441379,2.25180200005,1.97448884467
1.30244493682,1.22143342182,1.3474953967,2.15260146689,1.0307837451,1.0,1.34473830017
1.05804052804,1.0,1.55648037434,1.53992142936,1.84698458779,1.84293217821,1.92956204878
3.0293519341,3.99651173836,3.11607632694,3.63439678009,3.15985031558,5.83461594831,1.0